urn:cite:fuSyntax:0085003tokens.2896877_5	urn:cite:fuSyntax:person.first_person
urn:cite:fuSyntax:0085003tokens.2896878_5	urn:cite:fuSyntax:person.third_person
urn:cite:fuSyntax:0085003tokens.2896878_11	urn:cite:fuSyntax:person.third_person
urn:cite:fuSyntax:0085003tokens.2896879_12	urn:cite:fuSyntax:person.third_person
urn:cite:fuSyntax:0085003tokens.2896880_5	urn:cite:fuSyntax:person.third_person
urn:cite:fuSyntax:0085003tokens.2896880_12	urn:cite:fuSyntax:person.third_person
urn:cite:fuSyntax:0085003tokens.2896881_9	urn:cite:fuSyntax:person.third_person
urn:cite:fuSyntax:0085003tokens.2896882_4	urn:cite:fuSyntax:person.first_person
urn:cite:fuSyntax:0085003tokens.2896885_12	urn:cite:fuSyntax:person.first_person
urn:cite:fuSyntax:0085003tokens.2896885_25	urn:cite:fuSyntax:person.second_person
urn:cite:fuSyntax:0085003tokens.2896885_33	urn:cite:fuSyntax:person.second_person
urn:cite:fuSyntax:0085003tokens.2896886_7	urn:cite:fuSyntax:person.third_person
urn:cite:fuSyntax:0085003tokens.2896886_14	urn:cite:fuSyntax:person.third_person
urn:cite:fuSyntax:0085003tokens.2896887_7	urn:cite:fuSyntax:person.third_person
urn:cite:fuSyntax:0085003tokens.2896888_5	urn:cite:fuSyntax:person.third_person
urn:cite:fuSyntax:0085003tokens.2896889_2	urn:cite:fuSyntax:person.second_person
urn:cite:fuSyntax:0085003tokens.2896890_9	urn:cite:fuSyntax:person.second_person
urn:cite:fuSyntax:0085003tokens.2896891_5	urn:cite:fuSyntax:person.second_person
urn:cite:fuSyntax:0085003tokens.2896892_7	urn:cite:fuSyntax:person.second_person
urn:cite:fuSyntax:0085003tokens.2896894_7	urn:cite:fuSyntax:person.third_person
urn:cite:fuSyntax:0085003tokens.2896895_4	urn:cite:fuSyntax:person.second_person
urn:cite:fuSyntax:0085003tokens.2896895_6	urn:cite:fuSyntax:person.second_person
urn:cite:fuSyntax:0085003tokens.2896896_6	urn:cite:fuSyntax:person.second_person
urn:cite:fuSyntax:0085003tokens.2896896_13	urn:cite:fuSyntax:person.third_person
urn:cite:fuSyntax:0085003tokens.2896898_1	urn:cite:fuSyntax:person.first_person
urn:cite:fuSyntax:0085003tokens.2896900_3	urn:cite:fuSyntax:person.second_person
urn:cite:fuSyntax:0085003tokens.2896903_7	urn:cite:fuSyntax:person.second_person
urn:cite:fuSyntax:0085003tokens.2896905_3	urn:cite:fuSyntax:person.second_person
urn:cite:fuSyntax:0085003tokens.2896907_5	urn:cite:fuSyntax:person.third_person
urn:cite:fuSyntax:0085003tokens.2896909_4	urn:cite:fuSyntax:person.third_person
urn:cite:fuSyntax:0085003tokens.2896910_1	urn:cite:fuSyntax:person.first_person
urn:cite:fuSyntax:0085003tokens.2896910_5	urn:cite:fuSyntax:person.first_person
urn:cite:fuSyntax:0085003tokens.2896911_2	urn:cite:fuSyntax:person.second_person
urn:cite:fuSyntax:0085003tokens.2896911_11	urn:cite:fuSyntax:person.third_person
urn:cite:fuSyntax:0085003tokens.2896913_8	urn:cite:fuSyntax:person.second_person
urn:cite:fuSyntax:0085003tokens.2896913_10	urn:cite:fuSyntax:person.second_person
urn:cite:fuSyntax:0085003tokens.2896914_1	urn:cite:fuSyntax:person.third_person
urn:cite:fuSyntax:0085003tokens.2896914_4	urn:cite:fuSyntax:person.third_person
urn:cite:fuSyntax:0085003tokens.2896915_1	urn:cite:fuSyntax:person.second_person
urn:cite:fuSyntax:0085003tokens.2896915_4	urn:cite:fuSyntax:person.second_person
urn:cite:fuSyntax:0085003tokens.2896915_7	urn:cite:fuSyntax:person.second_person
urn:cite:fuSyntax:0085003tokens.2896917_1	urn:cite:fuSyntax:person.third_person
urn:cite:fuSyntax:0085003tokens.2896918_4	urn:cite:fuSyntax:person.second_person
urn:cite:fuSyntax:0085003tokens.2896918_8	urn:cite:fuSyntax:person.third_person
urn:cite:fuSyntax:0085003tokens.2896919_6	urn:cite:fuSyntax:person.third_person
urn:cite:fuSyntax:0085003tokens.2896920_8	urn:cite:fuSyntax:person.second_person
urn:cite:fuSyntax:0085003tokens.2896921_6	urn:cite:fuSyntax:person.first_person
urn:cite:fuSyntax:0085003tokens.2896922_4	urn:cite:fuSyntax:person.second_person
urn:cite:fuSyntax:0085003tokens.2896922_10	urn:cite:fuSyntax:person.second_person
urn:cite:fuSyntax:0085003tokens.2896923_4	urn:cite:fuSyntax:person.second_person
urn:cite:fuSyntax:0085003tokens.2896924_1	urn:cite:fuSyntax:person.second_person
urn:cite:fuSyntax:0085003tokens.2896925_1	urn:cite:fuSyntax:person.first_person
urn:cite:fuSyntax:0085003tokens.2896926_5	urn:cite:fuSyntax:person.second_person
urn:cite:fuSyntax:0085003tokens.2896927_6	urn:cite:fuSyntax:person.second_person
urn:cite:fuSyntax:0085003tokens.2896928_3	urn:cite:fuSyntax:person.first_person
urn:cite:fuSyntax:0085003tokens.2896928_4	urn:cite:fuSyntax:person.first_person
urn:cite:fuSyntax:0085003tokens.2896929_1	urn:cite:fuSyntax:person.second_person
urn:cite:fuSyntax:0085003tokens.2896929_6	urn:cite:fuSyntax:person.second_person
urn:cite:fuSyntax:0085003tokens.2896930_3	urn:cite:fuSyntax:person.third_person
urn:cite:fuSyntax:0085003tokens.2896931_3	urn:cite:fuSyntax:person.second_person
urn:cite:fuSyntax:0085003tokens.2896933_5	urn:cite:fuSyntax:person.third_person
urn:cite:fuSyntax:0085003tokens.2896934_2	urn:cite:fuSyntax:person.second_person
urn:cite:fuSyntax:0085003tokens.2896934_13	urn:cite:fuSyntax:person.second_person
urn:cite:fuSyntax:0085003tokens.2896935_1	urn:cite:fuSyntax:person.first_person
urn:cite:fuSyntax:0085003tokens.2896935_6	urn:cite:fuSyntax:person.third_person
urn:cite:fuSyntax:0085003tokens.2896936_3	urn:cite:fuSyntax:person.second_person
urn:cite:fuSyntax:0085003tokens.2896936_9	urn:cite:fuSyntax:person.second_person
urn:cite:fuSyntax:0085003tokens.2896938_5	urn:cite:fuSyntax:person.third_person
urn:cite:fuSyntax:0085003tokens.2896939_4	urn:cite:fuSyntax:person.third_person
urn:cite:fuSyntax:0085003tokens.2896939_10	urn:cite:fuSyntax:person.second_person
urn:cite:fuSyntax:0085003tokens.2896940_27	urn:cite:fuSyntax:person.first_person
urn:cite:fuSyntax:0085003tokens.2896941_1	urn:cite:fuSyntax:person.second_person
urn:cite:fuSyntax:0085003tokens.2896941_6	urn:cite:fuSyntax:person.first_person
urn:cite:fuSyntax:0085003tokens.2896942_1	urn:cite:fuSyntax:person.second_person
urn:cite:fuSyntax:0085003tokens.2896942_8	urn:cite:fuSyntax:person.first_person
urn:cite:fuSyntax:0085003tokens.2896943_6	urn:cite:fuSyntax:person.third_person
urn:cite:fuSyntax:0085003tokens.2896944_10	urn:cite:fuSyntax:person.first_person
urn:cite:fuSyntax:0085003tokens.2896944_15	urn:cite:fuSyntax:person.third_person
urn:cite:fuSyntax:0085003tokens.2896945_3	urn:cite:fuSyntax:person.first_person
urn:cite:fuSyntax:0085003tokens.2896946_2	urn:cite:fuSyntax:person.first_person
urn:cite:fuSyntax:0085003tokens.2896946_13	urn:cite:fuSyntax:person.third_person
urn:cite:fuSyntax:0085003tokens.2896947_4	urn:cite:fuSyntax:person.third_person
urn:cite:fuSyntax:0085003tokens.2896947_15	urn:cite:fuSyntax:person.third_person
urn:cite:fuSyntax:0085003tokens.2896948_14	urn:cite:fuSyntax:person.third_person
urn:cite:fuSyntax:0085003tokens.2896949_7	urn:cite:fuSyntax:person.first_person
urn:cite:fuSyntax:0085003tokens.2896950_3	urn:cite:fuSyntax:person.first_person
urn:cite:fuSyntax:0085003tokens.2896950_13	urn:cite:fuSyntax:person.third_person
urn:cite:fuSyntax:0085003tokens.2896951_4	urn:cite:fuSyntax:person.first_person
urn:cite:fuSyntax:0085003tokens.2896953_6	urn:cite:fuSyntax:person.third_person
urn:cite:fuSyntax:0085003tokens.2896954_1	urn:cite:fuSyntax:person.third_person
urn:cite:fuSyntax:0085003tokens.2896955_1	urn:cite:fuSyntax:person.second_person
urn:cite:fuSyntax:0085003tokens.2896955_20	urn:cite:fuSyntax:person.third_person
urn:cite:fuSyntax:0085003tokens.2896956_8	urn:cite:fuSyntax:person.first_person
urn:cite:fuSyntax:0085003tokens.2896957_6	urn:cite:fuSyntax:person.third_person
urn:cite:fuSyntax:0085003tokens.2896959_2	urn:cite:fuSyntax:person.second_person
urn:cite:fuSyntax:0085003tokens.2896960_8	urn:cite:fuSyntax:person.third_person
urn:cite:fuSyntax:0085003tokens.2896961_4	urn:cite:fuSyntax:person.third_person
urn:cite:fuSyntax:0085003tokens.2896962_5	urn:cite:fuSyntax:person.third_person
urn:cite:fuSyntax:0085003tokens.2896962_11	urn:cite:fuSyntax:person.third_person
urn:cite:fuSyntax:0085003tokens.2896963_1	urn:cite:fuSyntax:person.first_person
urn:cite:fuSyntax:0085003tokens.2896964_22	urn:cite:fuSyntax:person.second_person
urn:cite:fuSyntax:0085003tokens.2896964_24	urn:cite:fuSyntax:person.second_person
urn:cite:fuSyntax:0085003tokens.2896964_36	urn:cite:fuSyntax:person.first_person
urn:cite:fuSyntax:0085003tokens.2896965_1	urn:cite:fuSyntax:person.first_person
urn:cite:fuSyntax:0085003tokens.2896966_6	urn:cite:fuSyntax:person.third_person
urn:cite:fuSyntax:0085003tokens.2896967_4	urn:cite:fuSyntax:person.third_person
urn:cite:fuSyntax:0085003tokens.2896968_7	urn:cite:fuSyntax:person.third_person
urn:cite:fuSyntax:0085003tokens.2896969_6	urn:cite:fuSyntax:person.second_person
urn:cite:fuSyntax:0085003tokens.2896970_14	urn:cite:fuSyntax:person.third_person
urn:cite:fuSyntax:0085003tokens.2896970_28	urn:cite:fuSyntax:person.third_person
urn:cite:fuSyntax:0085003tokens.2896971_9	urn:cite:fuSyntax:person.first_person
urn:cite:fuSyntax:0085003tokens.2896973_3	urn:cite:fuSyntax:person.third_person
urn:cite:fuSyntax:0085003tokens.2896974_8	urn:cite:fuSyntax:person.third_person
urn:cite:fuSyntax:0085003tokens.2896974_14	urn:cite:fuSyntax:person.third_person
urn:cite:fuSyntax:0085003tokens.2896974_19	urn:cite:fuSyntax:person.third_person
urn:cite:fuSyntax:0085003tokens.2896974_26	urn:cite:fuSyntax:person.third_person
urn:cite:fuSyntax:0085003tokens.2896975_13	urn:cite:fuSyntax:person.third_person
urn:cite:fuSyntax:0085003tokens.2896975_26	urn:cite:fuSyntax:person.third_person
urn:cite:fuSyntax:0085003tokens.2896976_7	urn:cite:fuSyntax:person.third_person
urn:cite:fuSyntax:0085003tokens.2896976_16	urn:cite:fuSyntax:person.first_person
urn:cite:fuSyntax:0085003tokens.2896976_23	urn:cite:fuSyntax:person.third_person
urn:cite:fuSyntax:0085003tokens.2896976_29	urn:cite:fuSyntax:person.third_person
urn:cite:fuSyntax:0085003tokens.2896977_9	urn:cite:fuSyntax:person.second_person
urn:cite:fuSyntax:0085003tokens.2896977_13	urn:cite:fuSyntax:person.second_person
urn:cite:fuSyntax:0085003tokens.2896978_4	urn:cite:fuSyntax:person.third_person
urn:cite:fuSyntax:0085003tokens.2896979_1	urn:cite:fuSyntax:person.first_person
urn:cite:fuSyntax:0085003tokens.2896979_11	urn:cite:fuSyntax:person.third_person
urn:cite:fuSyntax:0085003tokens.2896980_7	urn:cite:fuSyntax:person.third_person
urn:cite:fuSyntax:0085003tokens.2896981_1	urn:cite:fuSyntax:person.first_person
urn:cite:fuSyntax:0085003tokens.2896982_3	urn:cite:fuSyntax:person.first_person
urn:cite:fuSyntax:0085003tokens.2896982_5	urn:cite:fuSyntax:person.third_person
urn:cite:fuSyntax:0085003tokens.2896982_10	urn:cite:fuSyntax:person.third_person
urn:cite:fuSyntax:0085003tokens.2896983_14	urn:cite:fuSyntax:person.third_person
urn:cite:fuSyntax:0085003tokens.2896984_2	urn:cite:fuSyntax:person.second_person
urn:cite:fuSyntax:0085003tokens.2896984_4	urn:cite:fuSyntax:person.second_person
urn:cite:fuSyntax:0085003tokens.2896984_19	urn:cite:fuSyntax:person.third_person
urn:cite:fuSyntax:0085003tokens.2896985_1	urn:cite:fuSyntax:person.second_person
urn:cite:fuSyntax:0085003tokens.2896985_7	urn:cite:fuSyntax:person.second_person
urn:cite:fuSyntax:0085003tokens.2896986_6	urn:cite:fuSyntax:person.third_person
urn:cite:fuSyntax:0085003tokens.2896987_3	urn:cite:fuSyntax:person.third_person
urn:cite:fuSyntax:0085003tokens.2896987_10	urn:cite:fuSyntax:person.third_person
urn:cite:fuSyntax:0085003tokens.2896987_21	urn:cite:fuSyntax:person.third_person
urn:cite:fuSyntax:0085003tokens.2896987_32	urn:cite:fuSyntax:person.third_person
urn:cite:fuSyntax:0085003tokens.2896987_50	urn:cite:fuSyntax:person.first_person
urn:cite:fuSyntax:0085003tokens.2896988_7	urn:cite:fuSyntax:person.third_person
urn:cite:fuSyntax:0085003tokens.2896989_19	urn:cite:fuSyntax:person.third_person
urn:cite:fuSyntax:0085003tokens.2896989_20	urn:cite:fuSyntax:person.third_person
urn:cite:fuSyntax:0085003tokens.2896989_31	urn:cite:fuSyntax:person.third_person
urn:cite:fuSyntax:0085003tokens.2896990_6	urn:cite:fuSyntax:person.third_person
urn:cite:fuSyntax:0085003tokens.2896991_7	urn:cite:fuSyntax:person.third_person
urn:cite:fuSyntax:0085003tokens.2896992_7	urn:cite:fuSyntax:person.third_person
urn:cite:fuSyntax:0085003tokens.2896993_13	urn:cite:fuSyntax:person.third_person
urn:cite:fuSyntax:0085003tokens.2896994_1	urn:cite:fuSyntax:person.third_person
urn:cite:fuSyntax:0085003tokens.2896995_4	urn:cite:fuSyntax:person.second_person
urn:cite:fuSyntax:0085003tokens.2896995_9	urn:cite:fuSyntax:person.third_person
urn:cite:fuSyntax:0085003tokens.2896995_14	urn:cite:fuSyntax:person.first_person
urn:cite:fuSyntax:0085003tokens.2896996_7	urn:cite:fuSyntax:person.third_person
urn:cite:fuSyntax:0085003tokens.2896996_11	urn:cite:fuSyntax:person.third_person
urn:cite:fuSyntax:0085003tokens.2896996_16	urn:cite:fuSyntax:person.third_person
urn:cite:fuSyntax:0085003tokens.2896997_7	urn:cite:fuSyntax:person.third_person
urn:cite:fuSyntax:0085003tokens.2896997_15	urn:cite:fuSyntax:person.third_person
urn:cite:fuSyntax:0085003tokens.2896998_4	urn:cite:fuSyntax:person.third_person
urn:cite:fuSyntax:0085003tokens.2896999_3	urn:cite:fuSyntax:person.first_person
urn:cite:fuSyntax:0085003tokens.2897000_1	urn:cite:fuSyntax:person.first_person
urn:cite:fuSyntax:0085003tokens.2897001_5	urn:cite:fuSyntax:person.first_person
urn:cite:fuSyntax:0085003tokens.2897002_10	urn:cite:fuSyntax:person.first_person
urn:cite:fuSyntax:0085003tokens.2897002_16	urn:cite:fuSyntax:person.first_person
urn:cite:fuSyntax:0085003tokens.2897003_12	urn:cite:fuSyntax:person.third_person
urn:cite:fuSyntax:0085003tokens.2897004_8	urn:cite:fuSyntax:person.first_person
urn:cite:fuSyntax:0085003tokens.2897004_11	urn:cite:fuSyntax:person.first_person
urn:cite:fuSyntax:0085003tokens.2897006_4	urn:cite:fuSyntax:person.second_person
urn:cite:fuSyntax:0085003tokens.2897007_3	urn:cite:fuSyntax:person.first_person
urn:cite:fuSyntax:0085003tokens.2897009_5	urn:cite:fuSyntax:person.first_person
urn:cite:fuSyntax:0085003tokens.2897010_4	urn:cite:fuSyntax:person.second_person
urn:cite:fuSyntax:0085003tokens.2897011_7	urn:cite:fuSyntax:person.first_person
urn:cite:fuSyntax:0085003tokens.2897012_5	urn:cite:fuSyntax:person.third_person
urn:cite:fuSyntax:0085003tokens.2897013_5	urn:cite:fuSyntax:person.third_person
urn:cite:fuSyntax:0085003tokens.2897015_1	urn:cite:fuSyntax:person.third_person
urn:cite:fuSyntax:0085003tokens.2897015_4	urn:cite:fuSyntax:person.third_person
urn:cite:fuSyntax:0085003tokens.2897016_3	urn:cite:fuSyntax:person.third_person
urn:cite:fuSyntax:0085003tokens.2897017_9	urn:cite:fuSyntax:person.third_person
urn:cite:fuSyntax:0085003tokens.2897018_1	urn:cite:fuSyntax:person.third_person
urn:cite:fuSyntax:0085003tokens.2897020_2	urn:cite:fuSyntax:person.second_person
urn:cite:fuSyntax:0085003tokens.2897020_4	urn:cite:fuSyntax:person.second_person
urn:cite:fuSyntax:0085003tokens.2897021_3	urn:cite:fuSyntax:person.second_person
urn:cite:fuSyntax:0085003tokens.2897022_4	urn:cite:fuSyntax:person.first_person
urn:cite:fuSyntax:0085003tokens.2897022_9	urn:cite:fuSyntax:person.second_person
urn:cite:fuSyntax:0085003tokens.2897023_6	urn:cite:fuSyntax:person.third_person
urn:cite:fuSyntax:0085003tokens.2897024_5	urn:cite:fuSyntax:person.first_person
urn:cite:fuSyntax:0085003tokens.2897025_3	urn:cite:fuSyntax:person.first_person
urn:cite:fuSyntax:0085003tokens.2897025_6	urn:cite:fuSyntax:person.first_person
urn:cite:fuSyntax:0085003tokens.2897026_4	urn:cite:fuSyntax:person.first_person
urn:cite:fuSyntax:0085003tokens.2897027_6	urn:cite:fuSyntax:person.first_person
urn:cite:fuSyntax:0085003tokens.2897028_7	urn:cite:fuSyntax:person.second_person
urn:cite:fuSyntax:0085003tokens.2897028_16	urn:cite:fuSyntax:person.second_person
urn:cite:fuSyntax:0085003tokens.2897028_19	urn:cite:fuSyntax:person.second_person
urn:cite:fuSyntax:0085003tokens.2897029_1	urn:cite:fuSyntax:person.second_person
urn:cite:fuSyntax:0085003tokens.2897029_3	urn:cite:fuSyntax:person.second_person
urn:cite:fuSyntax:0085003tokens.2897029_5	urn:cite:fuSyntax:person.second_person
urn:cite:fuSyntax:0085003tokens.2897030_8	urn:cite:fuSyntax:person.third_person
urn:cite:fuSyntax:0085003tokens.2897031_3	urn:cite:fuSyntax:person.second_person
urn:cite:fuSyntax:0085003tokens.2897032_18	urn:cite:fuSyntax:person.first_person
urn:cite:fuSyntax:0085003tokens.2897032_24	urn:cite:fuSyntax:person.first_person
urn:cite:fuSyntax:0085003tokens.2897033_1	urn:cite:fuSyntax:person.first_person
urn:cite:fuSyntax:0085003tokens.2897034_6	urn:cite:fuSyntax:person.second_person
urn:cite:fuSyntax:0085003tokens.2897034_8	urn:cite:fuSyntax:person.first_person
urn:cite:fuSyntax:0085003tokens.2897035_6	urn:cite:fuSyntax:person.first_person
urn:cite:fuSyntax:0085003tokens.2897035_10	urn:cite:fuSyntax:person.third_person
urn:cite:fuSyntax:0085003tokens.2897035_16	urn:cite:fuSyntax:person.third_person
urn:cite:fuSyntax:0085003tokens.2897035_20	urn:cite:fuSyntax:person.first_person
urn:cite:fuSyntax:0085003tokens.2897036_1	urn:cite:fuSyntax:person.second_person
urn:cite:fuSyntax:0085003tokens.2897037_1	urn:cite:fuSyntax:person.second_person
urn:cite:fuSyntax:0085003tokens.2897037_3	urn:cite:fuSyntax:person.second_person
urn:cite:fuSyntax:0085003tokens.2897037_6	urn:cite:fuSyntax:person.third_person
urn:cite:fuSyntax:0085003tokens.2897038_4	urn:cite:fuSyntax:person.second_person
urn:cite:fuSyntax:0085003tokens.2897038_8	urn:cite:fuSyntax:person.third_person
urn:cite:fuSyntax:0085003tokens.2897040_3	urn:cite:fuSyntax:person.first_person
urn:cite:fuSyntax:0085003tokens.2897041_6	urn:cite:fuSyntax:person.second_person
urn:cite:fuSyntax:0085003tokens.2897042_2	urn:cite:fuSyntax:person.second_person
urn:cite:fuSyntax:0085003tokens.2897043_5	urn:cite:fuSyntax:person.second_person
urn:cite:fuSyntax:0085003tokens.2897044_1	urn:cite:fuSyntax:person.second_person
urn:cite:fuSyntax:0085003tokens.2897044_18	urn:cite:fuSyntax:person.first_person
urn:cite:fuSyntax:0085003tokens.2897045_1	urn:cite:fuSyntax:person.first_person
urn:cite:fuSyntax:0085003tokens.2897045_9	urn:cite:fuSyntax:person.first_person
urn:cite:fuSyntax:0085003tokens.2897046_1	urn:cite:fuSyntax:person.second_person
urn:cite:fuSyntax:0085003tokens.2897046_4	urn:cite:fuSyntax:person.second_person
urn:cite:fuSyntax:0085003tokens.2897048_8	urn:cite:fuSyntax:person.second_person
urn:cite:fuSyntax:0085003tokens.2897048_17	urn:cite:fuSyntax:person.third_person
urn:cite:fuSyntax:0085003tokens.2897049_7	urn:cite:fuSyntax:person.second_person
urn:cite:fuSyntax:0085003tokens.2897049_9	urn:cite:fuSyntax:person.second_person
urn:cite:fuSyntax:0085003tokens.2897049_11	urn:cite:fuSyntax:person.second_person
urn:cite:fuSyntax:0085003tokens.2897050_4	urn:cite:fuSyntax:person.first_person
urn:cite:fuSyntax:0085003tokens.2897051_11	urn:cite:fuSyntax:person.third_person
urn:cite:fuSyntax:0085003tokens.2897052_7	urn:cite:fuSyntax:person.second_person
urn:cite:fuSyntax:0085003tokens.2897052_16	urn:cite:fuSyntax:person.second_person
urn:cite:fuSyntax:0085003tokens.2897053_8	urn:cite:fuSyntax:person.second_person
urn:cite:fuSyntax:0085003tokens.2897053_17	urn:cite:fuSyntax:person.third_person
urn:cite:fuSyntax:0085003tokens.2897054_5	urn:cite:fuSyntax:person.first_person
urn:cite:fuSyntax:0085003tokens.2897054_7	urn:cite:fuSyntax:person.first_person
urn:cite:fuSyntax:0085003tokens.2897054_9	urn:cite:fuSyntax:person.first_person
urn:cite:fuSyntax:0085003tokens.2897055_3	urn:cite:fuSyntax:person.second_person
urn:cite:fuSyntax:0085003tokens.2897055_7	urn:cite:fuSyntax:person.second_person
urn:cite:fuSyntax:0085003tokens.2897056_3	urn:cite:fuSyntax:person.second_person
urn:cite:fuSyntax:0085003tokens.2897056_11	urn:cite:fuSyntax:person.third_person
urn:cite:fuSyntax:0085003tokens.2897057_1	urn:cite:fuSyntax:person.first_person
urn:cite:fuSyntax:0085003tokens.2897057_6	urn:cite:fuSyntax:person.second_person
urn:cite:fuSyntax:0085003tokens.2897058_3	urn:cite:fuSyntax:person.second_person
urn:cite:fuSyntax:0085003tokens.2897058_7	urn:cite:fuSyntax:person.third_person
urn:cite:fuSyntax:0085003tokens.2897059_4	urn:cite:fuSyntax:person.second_person
urn:cite:fuSyntax:0085003tokens.2897061_1	urn:cite:fuSyntax:person.second_person
urn:cite:fuSyntax:0085003tokens.2897061_6	urn:cite:fuSyntax:person.second_person
urn:cite:fuSyntax:0085003tokens.2897062_7	urn:cite:fuSyntax:person.second_person
urn:cite:fuSyntax:0085003tokens.2897063_4	urn:cite:fuSyntax:person.first_person
urn:cite:fuSyntax:0085003tokens.2897064_4	urn:cite:fuSyntax:person.second_person
urn:cite:fuSyntax:0085003tokens.2897065_1	urn:cite:fuSyntax:person.first_person
urn:cite:fuSyntax:0085003tokens.2897065_3	urn:cite:fuSyntax:person.first_person
urn:cite:fuSyntax:0085003tokens.2897066_4	urn:cite:fuSyntax:person.first_person
urn:cite:fuSyntax:0085003tokens.2897066_6	urn:cite:fuSyntax:person.first_person
urn:cite:fuSyntax:0085003tokens.2897067_4	urn:cite:fuSyntax:person.second_person
urn:cite:fuSyntax:0085003tokens.2897068_3	urn:cite:fuSyntax:person.second_person
urn:cite:fuSyntax:0085003tokens.2897069_6	urn:cite:fuSyntax:person.second_person
urn:cite:fuSyntax:0085003tokens.2897069_12	urn:cite:fuSyntax:person.second_person
urn:cite:fuSyntax:0085003tokens.2897070_2	urn:cite:fuSyntax:person.second_person
urn:cite:fuSyntax:0085003tokens.2897071_6	urn:cite:fuSyntax:person.first_person
urn:cite:fuSyntax:0085003tokens.2897071_10	urn:cite:fuSyntax:person.first_person
urn:cite:fuSyntax:0085003tokens.2897072_8	urn:cite:fuSyntax:person.third_person
urn:cite:fuSyntax:0085003tokens.2897072_15	urn:cite:fuSyntax:person.third_person
urn:cite:fuSyntax:0085003tokens.2897073_8	urn:cite:fuSyntax:person.first_person
urn:cite:fuSyntax:0085003tokens.2897074_3	urn:cite:fuSyntax:person.third_person
urn:cite:fuSyntax:0085003tokens.2897075_4	urn:cite:fuSyntax:person.third_person
urn:cite:fuSyntax:0085003tokens.2897076_2	urn:cite:fuSyntax:person.third_person
urn:cite:fuSyntax:0085003tokens.2897076_15	urn:cite:fuSyntax:person.third_person
urn:cite:fuSyntax:0085003tokens.2897077_6	urn:cite:fuSyntax:person.third_person
urn:cite:fuSyntax:0085003tokens.2897077_7	urn:cite:fuSyntax:person.third_person
urn:cite:fuSyntax:0085003tokens.2897078_7	urn:cite:fuSyntax:person.third_person
urn:cite:fuSyntax:0085003tokens.2897079_6	urn:cite:fuSyntax:person.third_person
urn:cite:fuSyntax:0085003tokens.2897080_2	urn:cite:fuSyntax:person.third_person
urn:cite:fuSyntax:0085003tokens.2897081_3	urn:cite:fuSyntax:person.third_person
urn:cite:fuSyntax:0085003tokens.2897082_10	urn:cite:fuSyntax:person.second_person
urn:cite:fuSyntax:0085003tokens.2897083_2	urn:cite:fuSyntax:person.second_person
urn:cite:fuSyntax:0085003tokens.2897083_4	urn:cite:fuSyntax:person.second_person
urn:cite:fuSyntax:0085003tokens.2897084_5	urn:cite:fuSyntax:person.first_person
urn:cite:fuSyntax:0085003tokens.2897084_12	urn:cite:fuSyntax:person.third_person
urn:cite:fuSyntax:0085003tokens.2897085_6	urn:cite:fuSyntax:person.second_person
urn:cite:fuSyntax:0085003tokens.2897085_11	urn:cite:fuSyntax:person.third_person
urn:cite:fuSyntax:0085003tokens.2897086_6	urn:cite:fuSyntax:person.third_person
urn:cite:fuSyntax:0085003tokens.2897086_12	urn:cite:fuSyntax:person.third_person
urn:cite:fuSyntax:0085003tokens.2897087_8	urn:cite:fuSyntax:person.second_person
urn:cite:fuSyntax:0085003tokens.2897088_1	urn:cite:fuSyntax:person.second_person
urn:cite:fuSyntax:0085003tokens.2897090_1	urn:cite:fuSyntax:person.second_person
urn:cite:fuSyntax:0085003tokens.2897091_2	urn:cite:fuSyntax:person.third_person
urn:cite:fuSyntax:0085003tokens.2897092_7	urn:cite:fuSyntax:person.third_person
urn:cite:fuSyntax:0085003tokens.2897093_8	urn:cite:fuSyntax:person.second_person
urn:cite:fuSyntax:0085003tokens.2897095_2	urn:cite:fuSyntax:person.second_person
urn:cite:fuSyntax:0085003tokens.2897095_5	urn:cite:fuSyntax:person.third_person
urn:cite:fuSyntax:0085003tokens.2897097_1	urn:cite:fuSyntax:person.second_person
urn:cite:fuSyntax:0085003tokens.2897097_3	urn:cite:fuSyntax:person.second_person
urn:cite:fuSyntax:0085003tokens.2897097_5	urn:cite:fuSyntax:person.second_person
urn:cite:fuSyntax:0085003tokens.2897098_4	urn:cite:fuSyntax:person.second_person
urn:cite:fuSyntax:0085003tokens.2897099_5	urn:cite:fuSyntax:person.third_person
urn:cite:fuSyntax:0085003tokens.2897100_7	urn:cite:fuSyntax:person.third_person
urn:cite:fuSyntax:0085003tokens.2897101_1	urn:cite:fuSyntax:person.first_person
urn:cite:fuSyntax:0085003tokens.2897102_10	urn:cite:fuSyntax:person.first_person
urn:cite:fuSyntax:0085003tokens.2897103_12	urn:cite:fuSyntax:person.third_person
urn:cite:fuSyntax:0085003tokens.2897104_5	urn:cite:fuSyntax:person.third_person
urn:cite:fuSyntax:0085003tokens.2897104_12	urn:cite:fuSyntax:person.third_person
urn:cite:fuSyntax:0085003tokens.2897104_25	urn:cite:fuSyntax:person.third_person
urn:cite:fuSyntax:0085003tokens.2897104_32	urn:cite:fuSyntax:person.third_person
urn:cite:fuSyntax:0085003tokens.2897105_22	urn:cite:fuSyntax:person.third_person
urn:cite:fuSyntax:0085003tokens.2897106_12	urn:cite:fuSyntax:person.third_person
urn:cite:fuSyntax:0085003tokens.2897107_13	urn:cite:fuSyntax:person.first_person
urn:cite:fuSyntax:0085003tokens.2897107_28	urn:cite:fuSyntax:person.third_person
urn:cite:fuSyntax:0085003tokens.2897108_3	urn:cite:fuSyntax:person.third_person
urn:cite:fuSyntax:0085003tokens.2897108_9	urn:cite:fuSyntax:person.third_person
urn:cite:fuSyntax:0085003tokens.2897108_15	urn:cite:fuSyntax:person.third_person
urn:cite:fuSyntax:0085003tokens.2897108_23	urn:cite:fuSyntax:person.third_person
urn:cite:fuSyntax:0085003tokens.2897109_4	urn:cite:fuSyntax:person.second_person
urn:cite:fuSyntax:0085003tokens.2897110_3	urn:cite:fuSyntax:person.first_person
urn:cite:fuSyntax:0085003tokens.2897111_13	urn:cite:fuSyntax:person.third_person
urn:cite:fuSyntax:0085003tokens.2897112_3	urn:cite:fuSyntax:person.first_person
urn:cite:fuSyntax:0085003tokens.2897113_6	urn:cite:fuSyntax:person.first_person
urn:cite:fuSyntax:0085003tokens.2897114_5	urn:cite:fuSyntax:person.second_person
urn:cite:fuSyntax:0085003tokens.2897114_14	urn:cite:fuSyntax:person.first_person
urn:cite:fuSyntax:0085003tokens.2897115_1	urn:cite:fuSyntax:person.first_person
urn:cite:fuSyntax:0085003tokens.2897115_11	urn:cite:fuSyntax:person.third_person
urn:cite:fuSyntax:0085003tokens.2897116_5	urn:cite:fuSyntax:person.third_person
urn:cite:fuSyntax:0085003tokens.2897116_10	urn:cite:fuSyntax:person.third_person
urn:cite:fuSyntax:0085003tokens.2897116_19	urn:cite:fuSyntax:person.third_person
urn:cite:fuSyntax:0085003tokens.2897116_28	urn:cite:fuSyntax:person.third_person
urn:cite:fuSyntax:0085003tokens.2897117_3	urn:cite:fuSyntax:person.first_person
urn:cite:fuSyntax:0085003tokens.2897118_1	urn:cite:fuSyntax:person.third_person
urn:cite:fuSyntax:0085003tokens.2897118_24	urn:cite:fuSyntax:person.third_person
urn:cite:fuSyntax:0085003tokens.2897118_32	urn:cite:fuSyntax:person.first_person
urn:cite:fuSyntax:0085003tokens.2897119_8	urn:cite:fuSyntax:person.first_person
urn:cite:fuSyntax:0085003tokens.2897120_1	urn:cite:fuSyntax:person.first_person
urn:cite:fuSyntax:0085003tokens.2897120_16	urn:cite:fuSyntax:person.third_person
urn:cite:fuSyntax:0085003tokens.2897120_21	urn:cite:fuSyntax:person.first_person
urn:cite:fuSyntax:0085003tokens.2897121_8	urn:cite:fuSyntax:person.third_person
urn:cite:fuSyntax:0085003tokens.2897122_9	urn:cite:fuSyntax:person.first_person
urn:cite:fuSyntax:0085003tokens.2897122_16	urn:cite:fuSyntax:person.first_person
urn:cite:fuSyntax:0085003tokens.2897123_1	urn:cite:fuSyntax:person.second_person
urn:cite:fuSyntax:0085003tokens.2897124_3	urn:cite:fuSyntax:person.second_person
urn:cite:fuSyntax:0085003tokens.2897124_13	urn:cite:fuSyntax:person.second_person
urn:cite:fuSyntax:0085003tokens.2897124_17	urn:cite:fuSyntax:person.second_person
urn:cite:fuSyntax:0085003tokens.2897125_5	urn:cite:fuSyntax:person.second_person
urn:cite:fuSyntax:0085003tokens.2897125_13	urn:cite:fuSyntax:person.first_person
urn:cite:fuSyntax:0085003tokens.2897126_9	urn:cite:fuSyntax:person.third_person
urn:cite:fuSyntax:0085003tokens.2897126_12	urn:cite:fuSyntax:person.third_person
urn:cite:fuSyntax:0085003tokens.2897126_30	urn:cite:fuSyntax:person.third_person
urn:cite:fuSyntax:0085003tokens.2897126_36	urn:cite:fuSyntax:person.first_person
urn:cite:fuSyntax:0085003tokens.2897126_44	urn:cite:fuSyntax:person.third_person
urn:cite:fuSyntax:0085003tokens.2897127_5	urn:cite:fuSyntax:person.first_person
urn:cite:fuSyntax:0085003tokens.2897127_7	urn:cite:fuSyntax:person.first_person
urn:cite:fuSyntax:0085003tokens.2897127_12	urn:cite:fuSyntax:person.third_person
urn:cite:fuSyntax:0085003tokens.2897127_19	urn:cite:fuSyntax:person.first_person
urn:cite:fuSyntax:0085003tokens.2897128_6	urn:cite:fuSyntax:person.first_person
urn:cite:fuSyntax:0085003tokens.2897128_18	urn:cite:fuSyntax:person.third_person
urn:cite:fuSyntax:0085003tokens.2897129_10	urn:cite:fuSyntax:person.third_person
urn:cite:fuSyntax:0085003tokens.2897130_12	urn:cite:fuSyntax:person.first_person
urn:cite:fuSyntax:0085003tokens.2897130_18	urn:cite:fuSyntax:person.first_person
urn:cite:fuSyntax:0085003tokens.2897132_18	urn:cite:fuSyntax:person.third_person
urn:cite:fuSyntax:0085003tokens.2897133_4	urn:cite:fuSyntax:person.first_person
urn:cite:fuSyntax:0085003tokens.2897134_6	urn:cite:fuSyntax:person.second_person
urn:cite:fuSyntax:0085003tokens.2897135_5	urn:cite:fuSyntax:person.second_person
urn:cite:fuSyntax:0085003tokens.2897135_11	urn:cite:fuSyntax:person.second_person
urn:cite:fuSyntax:0085003tokens.2897136_4	urn:cite:fuSyntax:person.first_person
urn:cite:fuSyntax:0085003tokens.2897137_8	urn:cite:fuSyntax:person.third_person
urn:cite:fuSyntax:0085003tokens.2897137_18	urn:cite:fuSyntax:person.first_person
urn:cite:fuSyntax:0085003tokens.2897139_4	urn:cite:fuSyntax:person.third_person
urn:cite:fuSyntax:0085003tokens.2897141_4	urn:cite:fuSyntax:person.third_person
urn:cite:fuSyntax:0085003tokens.2897142_3	urn:cite:fuSyntax:person.third_person
urn:cite:fuSyntax:0085003tokens.2897143_3	urn:cite:fuSyntax:person.third_person
urn:cite:fuSyntax:0085003tokens.2897144_4	urn:cite:fuSyntax:person.second_person
urn:cite:fuSyntax:0085003tokens.2897144_7	urn:cite:fuSyntax:person.second_person
urn:cite:fuSyntax:0085003tokens.2897145_5	urn:cite:fuSyntax:person.third_person
urn:cite:fuSyntax:0085003tokens.2897145_7	urn:cite:fuSyntax:person.second_person
urn:cite:fuSyntax:0085003tokens.2897146_3	urn:cite:fuSyntax:person.second_person
urn:cite:fuSyntax:0085003tokens.2897147_9	urn:cite:fuSyntax:person.first_person
urn:cite:fuSyntax:0085003tokens.2897148_5	urn:cite:fuSyntax:person.third_person
urn:cite:fuSyntax:0085003tokens.2897148_14	urn:cite:fuSyntax:person.first_person
urn:cite:fuSyntax:0085003tokens.2897148_28	urn:cite:fuSyntax:person.first_person
urn:cite:fuSyntax:0085003tokens.2897149_4	urn:cite:fuSyntax:person.third_person
urn:cite:fuSyntax:0085003tokens.2897149_7	urn:cite:fuSyntax:person.third_person
urn:cite:fuSyntax:0085003tokens.2897151_3	urn:cite:fuSyntax:person.first_person
urn:cite:fuSyntax:0085003tokens.2897152_7	urn:cite:fuSyntax:person.second_person
urn:cite:fuSyntax:0085003tokens.2897153_1	urn:cite:fuSyntax:person.second_person
urn:cite:fuSyntax:0085003tokens.2897154_1	urn:cite:fuSyntax:person.second_person
urn:cite:fuSyntax:0085003tokens.2897156_3	urn:cite:fuSyntax:person.second_person
urn:cite:fuSyntax:0085003tokens.2897157_6	urn:cite:fuSyntax:person.third_person
urn:cite:fuSyntax:0085003tokens.2897158_1	urn:cite:fuSyntax:person.first_person
urn:cite:fuSyntax:0085003tokens.2897159_6	urn:cite:fuSyntax:person.third_person
urn:cite:fuSyntax:0085003tokens.2897159_18	urn:cite:fuSyntax:person.first_person
urn:cite:fuSyntax:0085003tokens.2897159_26	urn:cite:fuSyntax:person.second_person
urn:cite:fuSyntax:0085003tokens.2897162_2	urn:cite:fuSyntax:person.first_person
urn:cite:fuSyntax:0085003tokens.2897163_4	urn:cite:fuSyntax:person.second_person
urn:cite:fuSyntax:0085003tokens.2897164_1	urn:cite:fuSyntax:person.second_person
urn:cite:fuSyntax:0085003tokens.2897164_6	urn:cite:fuSyntax:person.first_person
urn:cite:fuSyntax:0085003tokens.2897165_7	urn:cite:fuSyntax:person.third_person
urn:cite:fuSyntax:0085003tokens.2897165_19	urn:cite:fuSyntax:person.second_person
urn:cite:fuSyntax:0085003tokens.2897166_1	urn:cite:fuSyntax:person.first_person
urn:cite:fuSyntax:0085003tokens.2897167_3	urn:cite:fuSyntax:person.third_person
urn:cite:fuSyntax:0085003tokens.2897167_13	urn:cite:fuSyntax:person.third_person
urn:cite:fuSyntax:0085003tokens.2897168_9	urn:cite:fuSyntax:person.third_person
urn:cite:fuSyntax:0085003tokens.2897168_11	urn:cite:fuSyntax:person.third_person
urn:cite:fuSyntax:0085003tokens.2897169_4	urn:cite:fuSyntax:person.third_person
urn:cite:fuSyntax:0085003tokens.2897170_7	urn:cite:fuSyntax:person.third_person
urn:cite:fuSyntax:0085003tokens.2897171_12	urn:cite:fuSyntax:person.second_person
urn:cite:fuSyntax:0085003tokens.2897172_10	urn:cite:fuSyntax:person.second_person
urn:cite:fuSyntax:0085003tokens.2897173_3	urn:cite:fuSyntax:person.second_person
urn:cite:fuSyntax:0085003tokens.2897173_7	urn:cite:fuSyntax:person.second_person
urn:cite:fuSyntax:0085003tokens.2897173_12	urn:cite:fuSyntax:person.second_person
urn:cite:fuSyntax:0085003tokens.2897173_18	urn:cite:fuSyntax:person.second_person
urn:cite:fuSyntax:0085003tokens.2897174_5	urn:cite:fuSyntax:person.third_person
urn:cite:fuSyntax:0085003tokens.2897174_9	urn:cite:fuSyntax:person.first_person
urn:cite:fuSyntax:0085003tokens.2897174_13	urn:cite:fuSyntax:person.first_person
urn:cite:fuSyntax:0085003tokens.2897175_1	urn:cite:fuSyntax:person.second_person
urn:cite:fuSyntax:0085003tokens.2897176_4	urn:cite:fuSyntax:person.first_person
urn:cite:fuSyntax:0085003tokens.2897177_3	urn:cite:fuSyntax:person.third_person
urn:cite:fuSyntax:0085003tokens.2897177_16	urn:cite:fuSyntax:person.third_person
urn:cite:fuSyntax:0085003tokens.2897178_6	urn:cite:fuSyntax:person.second_person
urn:cite:fuSyntax:0085003tokens.2897179_1	urn:cite:fuSyntax:person.second_person
urn:cite:fuSyntax:0085003tokens.2897180_12	urn:cite:fuSyntax:person.second_person
urn:cite:fuSyntax:0085003tokens.2897181_4	urn:cite:fuSyntax:person.second_person
urn:cite:fuSyntax:0085003tokens.2897181_7	urn:cite:fuSyntax:person.third_person
urn:cite:fuSyntax:0085003tokens.2897182_6	urn:cite:fuSyntax:person.first_person
urn:cite:fuSyntax:0085003tokens.2897183_13	urn:cite:fuSyntax:person.third_person
urn:cite:fuSyntax:0085003tokens.2897184_4	urn:cite:fuSyntax:person.second_person
urn:cite:fuSyntax:0085003tokens.2897184_8	urn:cite:fuSyntax:person.third_person
urn:cite:fuSyntax:0085003tokens.2897184_19	urn:cite:fuSyntax:person.second_person
urn:cite:fuSyntax:0085003tokens.2897184_22	urn:cite:fuSyntax:person.second_person
urn:cite:fuSyntax:0085003tokens.2897185_1	urn:cite:fuSyntax:person.second_person
urn:cite:fuSyntax:0085003tokens.2897185_3	urn:cite:fuSyntax:person.second_person
urn:cite:fuSyntax:0085003tokens.2897186_1	urn:cite:fuSyntax:person.first_person
urn:cite:fuSyntax:0085003tokens.2897186_6	urn:cite:fuSyntax:person.second_person
urn:cite:fuSyntax:0085003tokens.2897187_4	urn:cite:fuSyntax:person.second_person
urn:cite:fuSyntax:0085003tokens.2897188_12	urn:cite:fuSyntax:person.second_person
urn:cite:fuSyntax:0085003tokens.2897189_2	urn:cite:fuSyntax:person.first_person
urn:cite:fuSyntax:0085003tokens.2897190_2	urn:cite:fuSyntax:person.second_person
urn:cite:fuSyntax:0085003tokens.2897191_1	urn:cite:fuSyntax:person.second_person
urn:cite:fuSyntax:0085003tokens.2897191_3	urn:cite:fuSyntax:person.second_person
urn:cite:fuSyntax:0085003tokens.2897192_4	urn:cite:fuSyntax:person.second_person
urn:cite:fuSyntax:0085003tokens.2897193_1	urn:cite:fuSyntax:person.second_person
urn:cite:fuSyntax:0085003tokens.2897193_6	urn:cite:fuSyntax:person.third_person
urn:cite:fuSyntax:0085003tokens.2897195_5	urn:cite:fuSyntax:person.second_person
urn:cite:fuSyntax:0085003tokens.2897196_2	urn:cite:fuSyntax:person.first_person
urn:cite:fuSyntax:0085003tokens.2897197_9	urn:cite:fuSyntax:person.second_person
urn:cite:fuSyntax:0085003tokens.2897197_12	urn:cite:fuSyntax:person.third_person
urn:cite:fuSyntax:0085003tokens.2897199_3	urn:cite:fuSyntax:person.second_person
urn:cite:fuSyntax:0085003tokens.2897199_6	urn:cite:fuSyntax:person.first_person
urn:cite:fuSyntax:0085003tokens.2897200_3	urn:cite:fuSyntax:person.first_person
urn:cite:fuSyntax:0085003tokens.2897201_3	urn:cite:fuSyntax:person.second_person
urn:cite:fuSyntax:0085003tokens.2897202_7	urn:cite:fuSyntax:person.first_person
urn:cite:fuSyntax:0085003tokens.2897203_3	urn:cite:fuSyntax:person.second_person
urn:cite:fuSyntax:0085003tokens.2897204_2	urn:cite:fuSyntax:person.second_person
urn:cite:fuSyntax:0085003tokens.2897204_4	urn:cite:fuSyntax:person.third_person
urn:cite:fuSyntax:0085003tokens.2897205_1	urn:cite:fuSyntax:person.second_person
urn:cite:fuSyntax:0085003tokens.2897207_5	urn:cite:fuSyntax:person.second_person
urn:cite:fuSyntax:0085003tokens.2897208_4	urn:cite:fuSyntax:person.first_person
urn:cite:fuSyntax:0085003tokens.2897209_6	urn:cite:fuSyntax:person.third_person
urn:cite:fuSyntax:0085003tokens.2897211_8	urn:cite:fuSyntax:person.third_person
urn:cite:fuSyntax:0085003tokens.2897211_18	urn:cite:fuSyntax:person.third_person
urn:cite:fuSyntax:0085003tokens.2897212_2	urn:cite:fuSyntax:person.third_person
urn:cite:fuSyntax:0085003tokens.2897212_7	urn:cite:fuSyntax:person.third_person
urn:cite:fuSyntax:0085003tokens.2897212_14	urn:cite:fuSyntax:person.second_person
urn:cite:fuSyntax:0085003tokens.2897212_15	urn:cite:fuSyntax:person.second_person
urn:cite:fuSyntax:0085003tokens.2897213_4	urn:cite:fuSyntax:person.first_person
urn:cite:fuSyntax:0085003tokens.2897213_14	urn:cite:fuSyntax:person.third_person
urn:cite:fuSyntax:0085003tokens.2897214_10	urn:cite:fuSyntax:person.third_person
urn:cite:fuSyntax:0085003tokens.2897214_20	urn:cite:fuSyntax:person.second_person
urn:cite:fuSyntax:0085003tokens.2897215_7	urn:cite:fuSyntax:person.third_person
urn:cite:fuSyntax:0085003tokens.2897215_11	urn:cite:fuSyntax:person.third_person
urn:cite:fuSyntax:0085003tokens.2897216_9	urn:cite:fuSyntax:person.second_person
urn:cite:fuSyntax:0085003tokens.2897216_15	urn:cite:fuSyntax:person.second_person
urn:cite:fuSyntax:0085003tokens.2897216_32	urn:cite:fuSyntax:person.third_person
urn:cite:fuSyntax:0085003tokens.2897217_5	urn:cite:fuSyntax:person.first_person
urn:cite:fuSyntax:0085003tokens.2897217_11	urn:cite:fuSyntax:person.first_person
urn:cite:fuSyntax:0085003tokens.2897218_10	urn:cite:fuSyntax:person.third_person
urn:cite:fuSyntax:0085003tokens.2897218_13	urn:cite:fuSyntax:person.third_person
urn:cite:fuSyntax:0085003tokens.2897218_15	urn:cite:fuSyntax:person.third_person
urn:cite:fuSyntax:0085003tokens.2897219_1	urn:cite:fuSyntax:person.third_person
urn:cite:fuSyntax:0085003tokens.2897220_5	urn:cite:fuSyntax:person.third_person
urn:cite:fuSyntax:0085003tokens.2897221_3	urn:cite:fuSyntax:person.third_person
urn:cite:fuSyntax:0085003tokens.2897221_13	urn:cite:fuSyntax:person.third_person
urn:cite:fuSyntax:0085003tokens.2897222_5	urn:cite:fuSyntax:person.third_person
urn:cite:fuSyntax:0085003tokens.2897222_7	urn:cite:fuSyntax:person.third_person
urn:cite:fuSyntax:0085003tokens.2897223_2	urn:cite:fuSyntax:person.third_person
urn:cite:fuSyntax:0085003tokens.2897224_7	urn:cite:fuSyntax:person.third_person
urn:cite:fuSyntax:0085003tokens.2897224_13	urn:cite:fuSyntax:person.second_person
urn:cite:fuSyntax:0085003tokens.2897224_20	urn:cite:fuSyntax:person.first_person
urn:cite:fuSyntax:0085003tokens.2897225_7	urn:cite:fuSyntax:person.third_person
urn:cite:fuSyntax:0085003tokens.2897226_8	urn:cite:fuSyntax:person.third_person
urn:cite:fuSyntax:0085003tokens.2897227_9	urn:cite:fuSyntax:person.first_person
urn:cite:fuSyntax:0085003tokens.2897228_1	urn:cite:fuSyntax:person.second_person
urn:cite:fuSyntax:0085003tokens.2897229_3	urn:cite:fuSyntax:person.second_person
urn:cite:fuSyntax:0085003tokens.2897229_10	urn:cite:fuSyntax:person.second_person
urn:cite:fuSyntax:0085003tokens.2897230_5	urn:cite:fuSyntax:person.second_person
urn:cite:fuSyntax:0085003tokens.2897231_5	urn:cite:fuSyntax:person.first_person
urn:cite:fuSyntax:0085003tokens.2897232_4	urn:cite:fuSyntax:person.second_person
urn:cite:fuSyntax:0085003tokens.2897233_3	urn:cite:fuSyntax:person.first_person
urn:cite:fuSyntax:0085003tokens.2897234_6	urn:cite:fuSyntax:person.second_person
urn:cite:fuSyntax:0085003tokens.2897235_3	urn:cite:fuSyntax:person.second_person
urn:cite:fuSyntax:0085003tokens.2897236_1	urn:cite:fuSyntax:person.second_person
urn:cite:fuSyntax:0085003tokens.2897236_7	urn:cite:fuSyntax:person.second_person
urn:cite:fuSyntax:0085003tokens.2897237_1	urn:cite:fuSyntax:person.second_person
urn:cite:fuSyntax:0085003tokens.2897237_3	urn:cite:fuSyntax:person.second_person
urn:cite:fuSyntax:0085003tokens.2897239_5	urn:cite:fuSyntax:person.second_person
urn:cite:fuSyntax:0085003tokens.2897240_5	urn:cite:fuSyntax:person.second_person
urn:cite:fuSyntax:0085003tokens.2897241_4	urn:cite:fuSyntax:person.second_person
urn:cite:fuSyntax:0085003tokens.2897241_7	urn:cite:fuSyntax:person.third_person
urn:cite:fuSyntax:0085003tokens.2897242_10	urn:cite:fuSyntax:person.second_person
urn:cite:fuSyntax:0085003tokens.2897242_15	urn:cite:fuSyntax:person.second_person
urn:cite:fuSyntax:0085003tokens.2897243_9	urn:cite:fuSyntax:person.second_person
urn:cite:fuSyntax:0085003tokens.2897244_3	urn:cite:fuSyntax:person.second_person
urn:cite:fuSyntax:0085003tokens.2897244_10	urn:cite:fuSyntax:person.third_person
urn:cite:fuSyntax:0085003tokens.2897246_6	urn:cite:fuSyntax:person.third_person
urn:cite:fuSyntax:0085003tokens.2897246_12	urn:cite:fuSyntax:person.third_person
urn:cite:fuSyntax:0085003tokens.2897248_1	urn:cite:fuSyntax:person.second_person
urn:cite:fuSyntax:0085003tokens.2897248_10	urn:cite:fuSyntax:person.second_person
urn:cite:fuSyntax:0085003tokens.2897248_22	urn:cite:fuSyntax:person.second_person
urn:cite:fuSyntax:0085003tokens.2897248_29	urn:cite:fuSyntax:person.third_person
urn:cite:fuSyntax:0085003tokens.2897249_3	urn:cite:fuSyntax:person.third_person
urn:cite:fuSyntax:0085003tokens.2897249_15	urn:cite:fuSyntax:person.second_person
urn:cite:fuSyntax:0085003tokens.2897249_21	urn:cite:fuSyntax:person.third_person
urn:cite:fuSyntax:0085003tokens.2897250_3	urn:cite:fuSyntax:person.third_person
urn:cite:fuSyntax:0085003tokens.2897251_9	urn:cite:fuSyntax:person.second_person
urn:cite:fuSyntax:0085003tokens.2897251_14	urn:cite:fuSyntax:person.third_person
urn:cite:fuSyntax:0085003tokens.2897252_1	urn:cite:fuSyntax:person.third_person
urn:cite:fuSyntax:0085003tokens.2897252_14	urn:cite:fuSyntax:person.third_person
urn:cite:fuSyntax:0085003tokens.2897253_6	urn:cite:fuSyntax:person.second_person
urn:cite:fuSyntax:0085003tokens.2897254_4	urn:cite:fuSyntax:person.third_person
urn:cite:fuSyntax:0085003tokens.2897255_8	urn:cite:fuSyntax:person.third_person
urn:cite:fuSyntax:0085003tokens.2897256_3	urn:cite:fuSyntax:person.second_person
urn:cite:fuSyntax:0085003tokens.2897257_4	urn:cite:fuSyntax:person.second_person
urn:cite:fuSyntax:0085003tokens.2897257_8	urn:cite:fuSyntax:person.second_person
urn:cite:fuSyntax:0085003tokens.2897259_4	urn:cite:fuSyntax:person.second_person
urn:cite:fuSyntax:0085003tokens.2897259_5	urn:cite:fuSyntax:person.second_person
urn:cite:fuSyntax:0085003tokens.2897260_3	urn:cite:fuSyntax:person.second_person
urn:cite:fuSyntax:0085003tokens.2897260_8	urn:cite:fuSyntax:person.second_person
urn:cite:fuSyntax:0085003tokens.2897261_7	urn:cite:fuSyntax:person.second_person
urn:cite:fuSyntax:0085003tokens.2897263_11	urn:cite:fuSyntax:person.first_person
urn:cite:fuSyntax:0085003tokens.2897263_24	urn:cite:fuSyntax:person.first_person
urn:cite:fuSyntax:0085003tokens.2897265_7	urn:cite:fuSyntax:person.second_person
urn:cite:fuSyntax:0085003tokens.2897265_12	urn:cite:fuSyntax:person.third_person
urn:cite:fuSyntax:0085003tokens.2897266_3	urn:cite:fuSyntax:person.third_person
urn:cite:fuSyntax:0085003tokens.2897267_4	urn:cite:fuSyntax:person.third_person
urn:cite:fuSyntax:0085003tokens.2897267_13	urn:cite:fuSyntax:person.third_person
urn:cite:fuSyntax:0085003tokens.2897268_4	urn:cite:fuSyntax:person.third_person
urn:cite:fuSyntax:0085003tokens.2897269_1	urn:cite:fuSyntax:person.second_person
urn:cite:fuSyntax:0085003tokens.2897269_4	urn:cite:fuSyntax:person.first_person
urn:cite:fuSyntax:0085003tokens.2897270_9	urn:cite:fuSyntax:person.first_person
urn:cite:fuSyntax:0085003tokens.2897272_5	urn:cite:fuSyntax:person.third_person
urn:cite:fuSyntax:0085003tokens.2897275_1	urn:cite:fuSyntax:person.second_person
urn:cite:fuSyntax:0085003tokens.2897276_1	urn:cite:fuSyntax:person.third_person
urn:cite:fuSyntax:0085003tokens.2897276_6	urn:cite:fuSyntax:person.third_person
urn:cite:fuSyntax:0085003tokens.2897278_4	urn:cite:fuSyntax:person.second_person
urn:cite:fuSyntax:0085003tokens.2897281_4	urn:cite:fuSyntax:person.third_person
urn:cite:fuSyntax:0085003tokens.2897282_2	urn:cite:fuSyntax:person.third_person
urn:cite:fuSyntax:0085003tokens.2897283_3	urn:cite:fuSyntax:person.third_person
urn:cite:fuSyntax:0085003tokens.2897285_5	urn:cite:fuSyntax:person.third_person
urn:cite:fuSyntax:0085003tokens.2897287_2	urn:cite:fuSyntax:person.second_person
urn:cite:fuSyntax:0085003tokens.2897288_6	urn:cite:fuSyntax:person.third_person
urn:cite:fuSyntax:0085003tokens.2897291_6	urn:cite:fuSyntax:person.second_person
urn:cite:fuSyntax:0085003tokens.2897292_6	urn:cite:fuSyntax:person.second_person
urn:cite:fuSyntax:0085003tokens.2897293_5	urn:cite:fuSyntax:person.first_person
urn:cite:fuSyntax:0085003tokens.2897295_1	urn:cite:fuSyntax:person.second_person
urn:cite:fuSyntax:0085003tokens.2897295_6	urn:cite:fuSyntax:person.second_person
urn:cite:fuSyntax:0085003tokens.2897296_1	urn:cite:fuSyntax:person.first_person
urn:cite:fuSyntax:0085003tokens.2897297_1	urn:cite:fuSyntax:person.second_person
urn:cite:fuSyntax:0085003tokens.2897297_9	urn:cite:fuSyntax:person.first_person
urn:cite:fuSyntax:0085003tokens.2897298_12	urn:cite:fuSyntax:person.second_person
urn:cite:fuSyntax:0085003tokens.2897298_16	urn:cite:fuSyntax:person.second_person
urn:cite:fuSyntax:0085003tokens.2897299_4	urn:cite:fuSyntax:person.second_person
urn:cite:fuSyntax:0085003tokens.2897300_3	urn:cite:fuSyntax:person.first_person
urn:cite:fuSyntax:0085003tokens.2897301_2	urn:cite:fuSyntax:person.second_person
urn:cite:fuSyntax:0085003tokens.2897301_5	urn:cite:fuSyntax:person.first_person
urn:cite:fuSyntax:0085003tokens.2897301_12	urn:cite:fuSyntax:person.second_person
urn:cite:fuSyntax:0085003tokens.2897302_8	urn:cite:fuSyntax:person.first_person
urn:cite:fuSyntax:0085003tokens.2897302_11	urn:cite:fuSyntax:person.second_person
urn:cite:fuSyntax:0085003tokens.2897303_2	urn:cite:fuSyntax:person.second_person
urn:cite:fuSyntax:0085003tokens.2897303_15	urn:cite:fuSyntax:person.third_person
urn:cite:fuSyntax:0085003tokens.2897303_17	urn:cite:fuSyntax:person.third_person
urn:cite:fuSyntax:0085003tokens.2897303_26	urn:cite:fuSyntax:person.third_person
urn:cite:fuSyntax:0085003tokens.2897303_41	urn:cite:fuSyntax:person.third_person
urn:cite:fuSyntax:0085003tokens.2897304_16	urn:cite:fuSyntax:person.third_person
urn:cite:fuSyntax:0085003tokens.2897305_6	urn:cite:fuSyntax:person.first_person
urn:cite:fuSyntax:0085003tokens.2897306_3	urn:cite:fuSyntax:person.second_person
urn:cite:fuSyntax:0085003tokens.2897307_7	urn:cite:fuSyntax:person.second_person
urn:cite:fuSyntax:0085003tokens.2897307_18	urn:cite:fuSyntax:person.third_person
urn:cite:fuSyntax:0085003tokens.2897308_4	urn:cite:fuSyntax:person.second_person
urn:cite:fuSyntax:0085003tokens.2897309_4	urn:cite:fuSyntax:person.second_person
urn:cite:fuSyntax:0085003tokens.2897309_12	urn:cite:fuSyntax:person.third_person
urn:cite:fuSyntax:0085003tokens.2897310_4	urn:cite:fuSyntax:person.second_person
urn:cite:fuSyntax:0085003tokens.2897310_8	urn:cite:fuSyntax:person.second_person
urn:cite:fuSyntax:0085003tokens.2897310_15	urn:cite:fuSyntax:person.third_person
urn:cite:fuSyntax:0085003tokens.2897311_3	urn:cite:fuSyntax:person.third_person
urn:cite:fuSyntax:0085003tokens.2897311_18	urn:cite:fuSyntax:person.third_person
urn:cite:fuSyntax:0085003tokens.2897312_11	urn:cite:fuSyntax:person.second_person
urn:cite:fuSyntax:0085003tokens.2897312_14	urn:cite:fuSyntax:person.second_person
urn:cite:fuSyntax:0085003tokens.2897313_5	urn:cite:fuSyntax:person.first_person
urn:cite:fuSyntax:0085003tokens.2897313_6	urn:cite:fuSyntax:person.third_person
urn:cite:fuSyntax:0085003tokens.2897314_8	urn:cite:fuSyntax:person.second_person
urn:cite:fuSyntax:0085003tokens.2897314_14	urn:cite:fuSyntax:person.second_person
urn:cite:fuSyntax:0085003tokens.2897315_4	urn:cite:fuSyntax:person.second_person
urn:cite:fuSyntax:0085003tokens.2897315_9	urn:cite:fuSyntax:person.second_person
urn:cite:fuSyntax:0085003tokens.2897315_11	urn:cite:fuSyntax:person.first_person
urn:cite:fuSyntax:0085003tokens.2897315_13	urn:cite:fuSyntax:person.second_person
urn:cite:fuSyntax:0085003tokens.2897316_6	urn:cite:fuSyntax:person.third_person
urn:cite:fuSyntax:0085003tokens.2897317_4	urn:cite:fuSyntax:person.third_person
urn:cite:fuSyntax:0085003tokens.2897317_14	urn:cite:fuSyntax:person.third_person
urn:cite:fuSyntax:0085003tokens.2897317_15	urn:cite:fuSyntax:person.first_person
urn:cite:fuSyntax:0085003tokens.2897318_6	urn:cite:fuSyntax:person.first_person
urn:cite:fuSyntax:0085003tokens.2897318_12	urn:cite:fuSyntax:person.first_person
urn:cite:fuSyntax:0085003tokens.2897319_3	urn:cite:fuSyntax:person.second_person
urn:cite:fuSyntax:0085003tokens.2897319_18	urn:cite:fuSyntax:person.third_person
urn:cite:fuSyntax:0085003tokens.2897319_36	urn:cite:fuSyntax:person.second_person
urn:cite:fuSyntax:0085003tokens.2897320_2	urn:cite:fuSyntax:person.third_person
urn:cite:fuSyntax:0085003tokens.2897321_6	urn:cite:fuSyntax:person.second_person
urn:cite:fuSyntax:0085003tokens.2897321_15	urn:cite:fuSyntax:person.second_person
urn:cite:fuSyntax:0085003tokens.2897322_9	urn:cite:fuSyntax:person.second_person
urn:cite:fuSyntax:0085003tokens.2897322_12	urn:cite:fuSyntax:person.third_person
urn:cite:fuSyntax:0085003tokens.2897323_4	urn:cite:fuSyntax:person.third_person
urn:cite:fuSyntax:0085003tokens.2897323_10	urn:cite:fuSyntax:person.third_person
urn:cite:fuSyntax:0085003tokens.2897324_9	urn:cite:fuSyntax:person.first_person
urn:cite:fuSyntax:0085003tokens.2897325_1	urn:cite:fuSyntax:person.third_person
urn:cite:fuSyntax:0085003tokens.2897326_5	urn:cite:fuSyntax:person.third_person
urn:cite:fuSyntax:0085003tokens.2897327_6	urn:cite:fuSyntax:person.second_person
urn:cite:fuSyntax:0085003tokens.2897327_11	urn:cite:fuSyntax:person.third_person
urn:cite:fuSyntax:0085003tokens.2897327_15	urn:cite:fuSyntax:person.third_person
urn:cite:fuSyntax:0085003tokens.2897328_12	urn:cite:fuSyntax:person.third_person
urn:cite:fuSyntax:0085003tokens.2897329_12	urn:cite:fuSyntax:person.third_person
urn:cite:fuSyntax:0085003tokens.2897329_21	urn:cite:fuSyntax:person.third_person
urn:cite:fuSyntax:0085003tokens.2897330_3	urn:cite:fuSyntax:person.third_person
urn:cite:fuSyntax:0085003tokens.2897331_6	urn:cite:fuSyntax:person.third_person
urn:cite:fuSyntax:0085003tokens.2897332_6	urn:cite:fuSyntax:person.third_person
urn:cite:fuSyntax:0085003tokens.2897333_5	urn:cite:fuSyntax:person.third_person
urn:cite:fuSyntax:0085003tokens.2897333_12	urn:cite:fuSyntax:person.third_person
urn:cite:fuSyntax:0085003tokens.2897334_4	urn:cite:fuSyntax:person.third_person
urn:cite:fuSyntax:0085003tokens.2897335_5	urn:cite:fuSyntax:person.third_person
urn:cite:fuSyntax:0085003tokens.2897336_3	urn:cite:fuSyntax:person.third_person
urn:cite:fuSyntax:0085003tokens.2897337_6	urn:cite:fuSyntax:person.third_person
urn:cite:fuSyntax:0085003tokens.2897337_16	urn:cite:fuSyntax:person.third_person
urn:cite:fuSyntax:0085003tokens.2897338_7	urn:cite:fuSyntax:person.third_person
urn:cite:fuSyntax:0085003tokens.2897339_6	urn:cite:fuSyntax:person.third_person
urn:cite:fuSyntax:0085003tokens.2897339_15	urn:cite:fuSyntax:person.second_person
urn:cite:fuSyntax:0085003tokens.2897340_11	urn:cite:fuSyntax:person.third_person
urn:cite:fuSyntax:0085003tokens.2897340_16	urn:cite:fuSyntax:person.third_person
urn:cite:fuSyntax:0085003tokens.2897341_5	urn:cite:fuSyntax:person.third_person
urn:cite:fuSyntax:0085003tokens.2897342_1	urn:cite:fuSyntax:person.third_person
urn:cite:fuSyntax:0085003tokens.2897342_9	urn:cite:fuSyntax:person.first_person
urn:cite:fuSyntax:0085003tokens.2897343_4	urn:cite:fuSyntax:person.third_person
urn:cite:fuSyntax:0085003tokens.2897344_5	urn:cite:fuSyntax:person.first_person
urn:cite:fuSyntax:0085003tokens.2897344_11	urn:cite:fuSyntax:person.third_person
urn:cite:fuSyntax:0085003tokens.2897344_16	urn:cite:fuSyntax:person.third_person
urn:cite:fuSyntax:0085003tokens.2897344_23	urn:cite:fuSyntax:person.third_person
urn:cite:fuSyntax:0085003tokens.2897345_14	urn:cite:fuSyntax:person.second_person
urn:cite:fuSyntax:0085003tokens.2897346_3	urn:cite:fuSyntax:person.first_person
urn:cite:fuSyntax:0085003tokens.2897347_1	urn:cite:fuSyntax:person.first_person
urn:cite:fuSyntax:0085003tokens.2897347_5	urn:cite:fuSyntax:person.third_person
urn:cite:fuSyntax:0085003tokens.2897349_2	urn:cite:fuSyntax:person.first_person
urn:cite:fuSyntax:0085003tokens.2897350_9	urn:cite:fuSyntax:person.third_person
urn:cite:fuSyntax:0085003tokens.2897352_3	urn:cite:fuSyntax:person.first_person
urn:cite:fuSyntax:0085003tokens.2897352_6	urn:cite:fuSyntax:person.first_person
urn:cite:fuSyntax:0085003tokens.2897353_5	urn:cite:fuSyntax:person.first_person
urn:cite:fuSyntax:0085003tokens.2897353_8	urn:cite:fuSyntax:person.first_person
urn:cite:fuSyntax:0085003tokens.2897354_10	urn:cite:fuSyntax:person.third_person
urn:cite:fuSyntax:0085003tokens.2897354_14	urn:cite:fuSyntax:person.third_person
urn:cite:fuSyntax:0085003tokens.2897354_25	urn:cite:fuSyntax:person.third_person
urn:cite:fuSyntax:0085003tokens.2897355_8	urn:cite:fuSyntax:person.third_person
urn:cite:fuSyntax:0085003tokens.2897355_12	urn:cite:fuSyntax:person.third_person
urn:cite:fuSyntax:0085003tokens.2897356_6	urn:cite:fuSyntax:person.third_person
urn:cite:fuSyntax:0085003tokens.2897357_3	urn:cite:fuSyntax:person.first_person
urn:cite:fuSyntax:0085003tokens.2897358_5	urn:cite:fuSyntax:person.third_person
urn:cite:fuSyntax:0085003tokens.2897359_5	urn:cite:fuSyntax:person.third_person
urn:cite:fuSyntax:0085003tokens.2897360_4	urn:cite:fuSyntax:person.third_person
urn:cite:fuSyntax:0085003tokens.2897361_5	urn:cite:fuSyntax:person.third_person
urn:cite:fuSyntax:0085003tokens.2897362_12	urn:cite:fuSyntax:person.third_person
urn:cite:fuSyntax:0085003tokens.2897363_6	urn:cite:fuSyntax:person.third_person
urn:cite:fuSyntax:0085003tokens.2897364_4	urn:cite:fuSyntax:person.second_person
urn:cite:fuSyntax:0085003tokens.2897364_7	urn:cite:fuSyntax:person.second_person
urn:cite:fuSyntax:0085003tokens.2897365_2	urn:cite:fuSyntax:person.third_person
urn:cite:fuSyntax:0085003tokens.2897365_7	urn:cite:fuSyntax:person.first_person
urn:cite:fuSyntax:0085003tokens.2897365_8	urn:cite:fuSyntax:person.first_person
urn:cite:fuSyntax:0085003tokens.2897366_3	urn:cite:fuSyntax:person.third_person
urn:cite:fuSyntax:0085003tokens.2897367_5	urn:cite:fuSyntax:person.third_person
urn:cite:fuSyntax:0085003tokens.2897368_4	urn:cite:fuSyntax:person.second_person
urn:cite:fuSyntax:0085003tokens.2897369_4	urn:cite:fuSyntax:person.first_person
urn:cite:fuSyntax:0085003tokens.2897370_8	urn:cite:fuSyntax:person.third_person
urn:cite:fuSyntax:0085003tokens.2897371_4	urn:cite:fuSyntax:person.third_person
urn:cite:fuSyntax:0085003tokens.2897374_1	urn:cite:fuSyntax:person.second_person
urn:cite:fuSyntax:0085003tokens.2897374_3	urn:cite:fuSyntax:person.second_person
urn:cite:fuSyntax:0085003tokens.2897374_5	urn:cite:fuSyntax:person.second_person
urn:cite:fuSyntax:0085003tokens.2897375_7	urn:cite:fuSyntax:person.third_person
urn:cite:fuSyntax:0085003tokens.2897376_1	urn:cite:fuSyntax:person.third_person
urn:cite:fuSyntax:0085003tokens.2897376_3	urn:cite:fuSyntax:person.third_person
urn:cite:fuSyntax:0085003tokens.2897376_10	urn:cite:fuSyntax:person.third_person
urn:cite:fuSyntax:0085003tokens.2897377_4	urn:cite:fuSyntax:person.third_person
urn:cite:fuSyntax:0085003tokens.2897378_2	urn:cite:fuSyntax:person.first_person
urn:cite:fuSyntax:0085003tokens.2897379_5	urn:cite:fuSyntax:person.third_person
urn:cite:fuSyntax:0085003tokens.2897380_20	urn:cite:fuSyntax:person.first_person
urn:cite:fuSyntax:0085003tokens.2897381_2	urn:cite:fuSyntax:person.third_person
urn:cite:fuSyntax:0085003tokens.2897381_5	urn:cite:fuSyntax:person.second_person
urn:cite:fuSyntax:0085003tokens.2897381_12	urn:cite:fuSyntax:person.third_person
urn:cite:fuSyntax:0085003tokens.2897382_10	urn:cite:fuSyntax:person.second_person
urn:cite:fuSyntax:0085003tokens.2897383_9	urn:cite:fuSyntax:person.second_person
urn:cite:fuSyntax:0085003tokens.2897384_1	urn:cite:fuSyntax:person.second_person
urn:cite:fuSyntax:0085003tokens.2897384_8	urn:cite:fuSyntax:person.third_person
urn:cite:fuSyntax:0085003tokens.2897385_8	urn:cite:fuSyntax:person.third_person
urn:cite:fuSyntax:0085003tokens.2897386_3	urn:cite:fuSyntax:person.second_person
urn:cite:fuSyntax:0085003tokens.2897386_5	urn:cite:fuSyntax:person.second_person
urn:cite:fuSyntax:0085003tokens.2897387_8	urn:cite:fuSyntax:person.first_person
urn:cite:fuSyntax:0085003tokens.2897388_6	urn:cite:fuSyntax:person.first_person
urn:cite:fuSyntax:0085003tokens.2897389_4	urn:cite:fuSyntax:person.first_person
urn:cite:fuSyntax:0085003tokens.2897390_6	urn:cite:fuSyntax:person.first_person
urn:cite:fuSyntax:0085003tokens.2897391_5	urn:cite:fuSyntax:person.second_person
urn:cite:fuSyntax:0085003tokens.2897391_6	urn:cite:fuSyntax:person.second_person
urn:cite:fuSyntax:0085003tokens.2897392_1	urn:cite:fuSyntax:person.second_person
urn:cite:fuSyntax:0085003tokens.2897392_5	urn:cite:fuSyntax:person.second_person
urn:cite:fuSyntax:0085003tokens.2897393_10	urn:cite:fuSyntax:person.second_person
urn:cite:fuSyntax:0085003tokens.2897394_9	urn:cite:fuSyntax:person.second_person
urn:cite:fuSyntax:0085003tokens.2897394_13	urn:cite:fuSyntax:person.first_person
urn:cite:fuSyntax:0085003tokens.2897395_3	urn:cite:fuSyntax:person.first_person
urn:cite:fuSyntax:0085003tokens.2897397_2	urn:cite:fuSyntax:person.second_person
urn:cite:fuSyntax:0085003tokens.2897398_1	urn:cite:fuSyntax:person.first_person
urn:cite:fuSyntax:0085003tokens.2897399_7	urn:cite:fuSyntax:person.first_person
urn:cite:fuSyntax:0085003tokens.2897400_6	urn:cite:fuSyntax:person.first_person
urn:cite:fuSyntax:0085003tokens.2897401_6	urn:cite:fuSyntax:person.second_person
urn:cite:fuSyntax:0085003tokens.2897402_5	urn:cite:fuSyntax:person.first_person
urn:cite:fuSyntax:0085003tokens.2897402_11	urn:cite:fuSyntax:person.third_person
urn:cite:fuSyntax:0085003tokens.2897403_1	urn:cite:fuSyntax:person.first_person
urn:cite:fuSyntax:0085003tokens.2897404_1	urn:cite:fuSyntax:person.first_person
urn:cite:fuSyntax:0085003tokens.2897405_1	urn:cite:fuSyntax:person.second_person
urn:cite:fuSyntax:0085003tokens.2897405_7	urn:cite:fuSyntax:person.second_person
urn:cite:fuSyntax:0085003tokens.2897408_5	urn:cite:fuSyntax:person.third_person
urn:cite:fuSyntax:0085003tokens.2897409_2	urn:cite:fuSyntax:person.third_person
urn:cite:fuSyntax:0085003tokens.2897410_7	urn:cite:fuSyntax:person.second_person
urn:cite:fuSyntax:0085003tokens.2897411_3	urn:cite:fuSyntax:person.first_person
urn:cite:fuSyntax:0085003tokens.2897412_2	urn:cite:fuSyntax:person.second_person
urn:cite:fuSyntax:0085003tokens.2897412_5	urn:cite:fuSyntax:person.third_person
urn:cite:fuSyntax:0085003tokens.2897413_6	urn:cite:fuSyntax:person.first_person
urn:cite:fuSyntax:0085003tokens.2897414_1	urn:cite:fuSyntax:person.second_person
urn:cite:fuSyntax:0085003tokens.2897415_10	urn:cite:fuSyntax:person.second_person
urn:cite:fuSyntax:0085003tokens.2897416_2	urn:cite:fuSyntax:person.third_person
urn:cite:fuSyntax:0085003tokens.2897416_8	urn:cite:fuSyntax:person.third_person
urn:cite:fuSyntax:0085003tokens.2897416_16	urn:cite:fuSyntax:person.third_person
urn:cite:fuSyntax:0085003tokens.2897417_3	urn:cite:fuSyntax:person.third_person
urn:cite:fuSyntax:0085003tokens.2897417_14	urn:cite:fuSyntax:person.third_person
urn:cite:fuSyntax:0085003tokens.2897417_17	urn:cite:fuSyntax:person.third_person
urn:cite:fuSyntax:0085003tokens.2897418_1	urn:cite:fuSyntax:person.third_person
urn:cite:fuSyntax:0085003tokens.2897419_1	urn:cite:fuSyntax:person.second_person
urn:cite:fuSyntax:0085003tokens.2897419_7	urn:cite:fuSyntax:person.third_person
urn:cite:fuSyntax:0085003tokens.2897420_1	urn:cite:fuSyntax:person.third_person
urn:cite:fuSyntax:0085003tokens.2897420_5	urn:cite:fuSyntax:person.third_person
urn:cite:fuSyntax:0085003tokens.2897421_1	urn:cite:fuSyntax:person.second_person
urn:cite:fuSyntax:0085003tokens.2897421_6	urn:cite:fuSyntax:person.second_person
urn:cite:fuSyntax:0085003tokens.2897422_1	urn:cite:fuSyntax:person.second_person
urn:cite:fuSyntax:0085003tokens.2897423_1	urn:cite:fuSyntax:person.third_person
urn:cite:fuSyntax:0085003tokens.2897423_10	urn:cite:fuSyntax:person.first_person
urn:cite:fuSyntax:0085003tokens.2897423_13	urn:cite:fuSyntax:person.first_person
urn:cite:fuSyntax:0085003tokens.2897424_3	urn:cite:fuSyntax:person.first_person
urn:cite:fuSyntax:0085003tokens.2897425_2	urn:cite:fuSyntax:person.first_person
urn:cite:fuSyntax:0085003tokens.2897426_1	urn:cite:fuSyntax:person.second_person
urn:cite:fuSyntax:0085003tokens.2897426_6	urn:cite:fuSyntax:person.second_person
urn:cite:fuSyntax:0085003tokens.2897427_7	urn:cite:fuSyntax:person.second_person
urn:cite:fuSyntax:0085003tokens.2897427_11	urn:cite:fuSyntax:person.second_person
urn:cite:fuSyntax:0085003tokens.2897428_2	urn:cite:fuSyntax:person.second_person
urn:cite:fuSyntax:0085003tokens.2897429_12	urn:cite:fuSyntax:person.third_person
urn:cite:fuSyntax:0085003tokens.2897430_1	urn:cite:fuSyntax:person.second_person
urn:cite:fuSyntax:0085003tokens.2897430_8	urn:cite:fuSyntax:person.second_person
urn:cite:fuSyntax:0085003tokens.2897430_17	urn:cite:fuSyntax:person.third_person
urn:cite:fuSyntax:0085003tokens.2897431_11	urn:cite:fuSyntax:person.third_person
urn:cite:fuSyntax:0085003tokens.2897431_15	urn:cite:fuSyntax:person.third_person
urn:cite:fuSyntax:0085003tokens.2897431_24	urn:cite:fuSyntax:person.third_person
urn:cite:fuSyntax:0085003tokens.2897432_7	urn:cite:fuSyntax:person.second_person
urn:cite:fuSyntax:0085003tokens.2897433_11	urn:cite:fuSyntax:person.third_person
urn:cite:fuSyntax:0085003tokens.2897433_24	urn:cite:fuSyntax:person.third_person
urn:cite:fuSyntax:0085003tokens.2897434_6	urn:cite:fuSyntax:person.second_person
urn:cite:fuSyntax:0085003tokens.2897434_16	urn:cite:fuSyntax:person.third_person
urn:cite:fuSyntax:0085003tokens.2897434_18	urn:cite:fuSyntax:person.third_person
urn:cite:fuSyntax:0085003tokens.2897435_3	urn:cite:fuSyntax:person.second_person
urn:cite:fuSyntax:0085003tokens.2897437_4	urn:cite:fuSyntax:person.third_person
urn:cite:fuSyntax:0085003tokens.2897437_12	urn:cite:fuSyntax:person.third_person
urn:cite:fuSyntax:0085003tokens.2897438_3	urn:cite:fuSyntax:person.second_person
urn:cite:fuSyntax:0085003tokens.2897438_5	urn:cite:fuSyntax:person.second_person
urn:cite:fuSyntax:0085003tokens.2897438_12	urn:cite:fuSyntax:person.second_person
urn:cite:fuSyntax:0085003tokens.2897439_6	urn:cite:fuSyntax:person.third_person
urn:cite:fuSyntax:0085003tokens.2897440_1	urn:cite:fuSyntax:person.third_person
urn:cite:fuSyntax:0085003tokens.2897441_1	urn:cite:fuSyntax:person.second_person
urn:cite:fuSyntax:0085003tokens.2897443_7	urn:cite:fuSyntax:person.third_person
urn:cite:fuSyntax:0085003tokens.2897445_5	urn:cite:fuSyntax:person.third_person
urn:cite:fuSyntax:0085003tokens.2897445_13	urn:cite:fuSyntax:person.third_person
urn:cite:fuSyntax:0085003tokens.2897446_8	urn:cite:fuSyntax:person.third_person
urn:cite:fuSyntax:0085003tokens.2897446_15	urn:cite:fuSyntax:person.third_person
urn:cite:fuSyntax:0085003tokens.2897447_6	urn:cite:fuSyntax:person.third_person
urn:cite:fuSyntax:0085003tokens.2897448_5	urn:cite:fuSyntax:person.third_person
urn:cite:fuSyntax:0085003tokens.2897449_8	urn:cite:fuSyntax:person.third_person
urn:cite:fuSyntax:0085003tokens.2897450_3	urn:cite:fuSyntax:person.third_person
urn:cite:fuSyntax:0085003tokens.2897451_2	urn:cite:fuSyntax:person.second_person
urn:cite:fuSyntax:0085003tokens.2897452_13	urn:cite:fuSyntax:person.second_person
urn:cite:fuSyntax:0085003tokens.2897452_21	urn:cite:fuSyntax:person.third_person
urn:cite:fuSyntax:0085003tokens.2897453_3	urn:cite:fuSyntax:person.second_person
urn:cite:fuSyntax:0085003tokens.2897453_5	urn:cite:fuSyntax:person.second_person
urn:cite:fuSyntax:0085003tokens.2897453_10	urn:cite:fuSyntax:person.second_person
urn:cite:fuSyntax:0085003tokens.2897454_8	urn:cite:fuSyntax:person.second_person
urn:cite:fuSyntax:0085003tokens.2897455_3	urn:cite:fuSyntax:person.second_person
urn:cite:fuSyntax:0085003tokens.2897456_5	urn:cite:fuSyntax:person.third_person
urn:cite:fuSyntax:0085003tokens.2897456_7	urn:cite:fuSyntax:person.first_person
urn:cite:fuSyntax:0085003tokens.2897457_5	urn:cite:fuSyntax:person.first_person
urn:cite:fuSyntax:0085003tokens.2897457_8	urn:cite:fuSyntax:person.third_person
urn:cite:fuSyntax:0085003tokens.2897457_12	urn:cite:fuSyntax:person.first_person
urn:cite:fuSyntax:0085003tokens.2897458_3	urn:cite:fuSyntax:person.second_person
urn:cite:fuSyntax:0085003tokens.2897458_5	urn:cite:fuSyntax:person.first_person
urn:cite:fuSyntax:0085003tokens.2897458_11	urn:cite:fuSyntax:person.second_person
urn:cite:fuSyntax:0085003tokens.2897458_17	urn:cite:fuSyntax:person.second_person
urn:cite:fuSyntax:0085003tokens.2897458_24	urn:cite:fuSyntax:person.third_person
urn:cite:fuSyntax:0085003tokens.2897460_12	urn:cite:fuSyntax:person.second_person
urn:cite:fuSyntax:0085003tokens.2897461_7	urn:cite:fuSyntax:person.third_person
urn:cite:fuSyntax:0085003tokens.2897462_4	urn:cite:fuSyntax:person.third_person
urn:cite:fuSyntax:0085003tokens.2897462_9	urn:cite:fuSyntax:person.third_person
urn:cite:fuSyntax:0085003tokens.2897462_16	urn:cite:fuSyntax:person.third_person
urn:cite:fuSyntax:0085003tokens.2897463_1	urn:cite:fuSyntax:person.third_person
urn:cite:fuSyntax:0085003tokens.2897464_1	urn:cite:fuSyntax:person.third_person
urn:cite:fuSyntax:0085003tokens.2897465_8	urn:cite:fuSyntax:person.third_person
urn:cite:fuSyntax:0085003tokens.2897466_13	urn:cite:fuSyntax:person.second_person
urn:cite:fuSyntax:0085003tokens.2897466_17	urn:cite:fuSyntax:person.first_person
